tweet_id,created_at,username,name,verified,text,categoria,termos_match,sentimento,likes,retweets
2078717582257893860,2026-07-19T05:44:26.000Z,capalbo78,André (selo azul Gold Platinum Plus turbo),False,@FlavioBolsonaro @tininhasouzarj Pqp. Vai reeleger o Lula. Não é possível.,NEUTRO,,0,0,0
2078716189870551483,2026-07-19T05:38:55.000Z,junji_79,Kage 🐆,False,@FlavioBolsonaro @tininhasouzarj Seu bandido vagabundo,RETORICA_AGRESSIVA,\bvagabund,0,0,0
2078715857077690529,2026-07-19T05:37:35.000Z,ZartanLucifer,ᛉᚨᚱᛏᚨᚾᛚᚢᚲᛁᚠᛖᚱ Z 🇳🇴,False,@FlavioBolsonaro @tininhasouzarj Vc é uma vergonha pro seu pai,NEUTRO,,-1,0,0
2078714662338584749,2026-07-19T05:32:50.000Z,pedrocunhamello,PEDRO CUNHA MELLO,False,"@FlavioBolsonaro @tininhasouzarj Por isso que você tá perdendo apoio na base, ninguém quer essas propostas populistas criadas pela esquerda, o povo quer fugir dessas armadilhas que está quebrando país.",NEUTRO,,1,0,0
2078713038262116392,2026-07-19T05:26:23.000Z,CostaAndre42552,Dedé irmão do Didi,False,@FlavioBolsonaro @tininhasouzarj E vai pagar o benefício com o que restou de CLT no país?,NEUTRO,,0,0,0
2078712948122378260,2026-07-19T05:26:02.000Z,Marie38540937,MT fuzilado🌸🐍,False,@FlavioBolsonaro @tininhasouzarj Retardado Você e seus irmãos são a desgraça da vida do seu pai,NEUTRO,,0,1,0
2078711450105749769,2026-07-19T05:20:04.000Z,niodiobruto,Niódio Bruto 🇮🇹 🇧🇷,False,@FlavioBolsonaro Aproveita e já corta o mindinho também.,NEUTRO,,0,0,0
2078711434435793346,2026-07-19T05:20:01.000Z,GJonil77,Grande Jonilson,False,"@FlavioBolsonaro @tininhasouzarj Horroroso, faz um favor e retira a merda da sua candidatura",NEUTRO,,0,0,0
2078711174108004672,2026-07-19T05:18:59.000Z,SeeleRedEye,🐆 SEELE 𒉭🇩🇪🏵️,False,@FlavioBolsonaro @GTomJobim @tininhasouzarj Tu é mais de esquerda que o Lula,NEUTRO,,0,0,0
2078710483700383986,2026-07-19T05:16:14.000Z,marcelo_jj,Marcelo Machado,False,@FlavioBolsonaro @tininhasouzarj Tu consegue piorar a cada dia,NEUTRO,,0,0,0
2078709874817659364,2026-07-19T05:13:49.000Z,Eaifeliphe,Felipe 😶‍🌫️,False,"@FlavioBolsonaro @tininhasouzarj Eu quero te ver comendo merda com milho nela na cadeia, seu bosta, vocês são tudo igual, vocês tem que ir pra guilhotina fdps",NEUTRO,,0,2,0
2078708461798388156,2026-07-19T05:08:12.000Z,marcelinAncap,Marcelinho o Libertário 🐍,False,"@FlavioBolsonaro @tininhasouzarj E pensar que eu cogitei votar em você em um possível segundo turno, vai se foder Flávio Bolsonaro",NEUTRO,,0,3,0
2078708419645915343,2026-07-19T05:08:02.000Z,euadorospam,Spam 💀🚬,False,@FlavioBolsonaro @tininhasouzarj MDS cara,NEUTRO,,0,0,0
2078708356248723870,2026-07-19T05:07:47.000Z,1984eaqui,1984èaqui,False,@FlavioBolsonaro @tininhasouzarj Mas he o fim mesmo!! Não tem rota de saída dessa bolsa família ??? Vamos seguir pagando tudo isso? Que perda de “direita” eh essa ???? Virou centrão,NEUTRO,,0,0,0
2078708224476234184,2026-07-19T05:07:15.000Z,CABARExVip,Gurias Sem Limite,False,@FlavioBolsonaro @tininhasouzarj TA DE BRINCADEIRA? vamos ficar pagando essa porra até quando? eu puta pagando um absurdo de imposto,NEUTRO,,-1,0,0
2078707296847184273,2026-07-19T05:03:34.000Z,madaraa02,忍者マダラMadara,False,@FlavioBolsonaro @tininhasouzarj Depois quando perder para o Lula não adianta argumentar que é por fraude,NEUTRO,,0,0,0
2078706614962454601,2026-07-19T05:00:52.000Z,chavealIen,teste,False,@FlavioBolsonaro @tininhasouzarj mas é uma baitola mesmo,NEUTRO,,0,1,0
2078706156860539303,2026-07-19T04:59:02.000Z,pablimvaz,Pablo Vaz ⬛🟨⬜,False,"@FlavioBolsonaro @tininhasouzarj Mas é outro fdp populista mesmo. Além de bancar quem não trabalha, vou ter que bancar quem trabalha também? A vá sfd. 🖕🏻",NEUTRO,,0,1,0
2078706094785060937,2026-07-19T04:58:48.000Z,jeffoliveiraBH,Jeff,False,@FlavioBolsonaro @tininhasouzarj Tu é burro pra um caraleo,NEUTRO,,0,0,0
2078706093723648431,2026-07-19T04:58:47.000Z,__larilandia,Larissa 🌷,False,@FlavioBolsonaro @tininhasouzarj O celular que você vai dar é qual versão do iPhone?,NEUTRO,,0,0,0
2078705551324623185,2026-07-19T04:56:38.000Z,CaioSil34227272,Caio Silva,False,@FlavioBolsonaro @tininhasouzarj Já perdeu!,NEUTRO,,0,0,0
2078704812330279037,2026-07-19T04:53:42.000Z,felipegewehr1,Felipe,False,@FlavioBolsonaro @tininhasouzarj Então posso me demitir e ganhar salário?,NEUTRO,,0,0,0
2078704497027666032,2026-07-19T04:52:27.000Z,Carbon722,Carbon,False,@FlavioBolsonaro @tininhasouzarj Boa flavio é o minimo,NEUTRO,,0,0,0
2078704052737540233,2026-07-19T04:50:41.000Z,Fulana1129810,Idosa Confusa com a Tecnologia,False,"@FlavioBolsonaro @tininhasouzarj Tem é que obrigar beneficiário do Bolsa família a estudar, ofereça bolsa de estudos para esse povo, dê descontos em universidades e cursos técnicos, dê a eles uma profissão para que eles parem de depender disso.Mas não, lá vamos nós sustentar benefício para mais um monte de gente",NEUTRO,,0,0,0
2078704030625272287,2026-07-19T04:50:36.000Z,MIB_Worm,MinhocaDoMIB,False,@FlavioBolsonaro @tininhasouzarj PQP! Vai ver a Janja fez macumba pra incorporar um PTista no Flávio. https://t.co/yhqwLnXQOn,NEUTRO,,0,15,1
2078703933199900926,2026-07-19T04:50:12.000Z,14lasthope,PF. Duas letras: P-F. ⬛🟨⬜,False,@FlavioBolsonaro @tininhasouzarj https://t.co/H2t8BOIso2,NEUTRO,,0,0,0
2078703331698942147,2026-07-19T04:47:49.000Z,vitormizu1,Vitor Iwamizu,False,"@FlavioBolsonaro @tininhasouzarj O muleque burro, meu Deus.",NEUTRO,,0,0,0
2078701633605648623,2026-07-19T04:41:04.000Z,DogOfWar1970,DogOfWar,False,@FlavioBolsonaro @tininhasouzarj Tb quero!,NEUTRO,,0,0,0
2078700843411623989,2026-07-19T04:37:56.000Z,oda20_,Eu Mesmo o Davi,False,"@FlavioBolsonaro @tininhasouzarj É, se for pra fazer merda que pelo menos seja o velho do Lula que já ta com o pé na cova",NEUTRO,,0,1,0
2078700629266956683,2026-07-19T04:37:05.000Z,Artttandrade,INTZKami,False,@FlavioBolsonaro @tininhasouzarj Tá precisando de voto meu parceiro?,NEUTRO,,0,1,0
2078700546286813193,2026-07-19T04:36:45.000Z,AlissonPelizzer,Alisson,False,@FlavioBolsonaro @tininhasouzarj Por isso não vai ser eleito 🙏,NEUTRO,,0,0,0
2078700203498946632,2026-07-19T04:35:23.000Z,Sonecarox,Fernando Bertini,False,@FlavioBolsonaro @tininhasouzarj Rapazeada... deixa o lula mesmo... ta td bem... 🤪 Esquece saporra de mudar de governo...,NEUTRO,,0,12,0
2078699375291756707,2026-07-19T04:32:06.000Z,nmoraesc,Swanson 🇧🇷,False,@FlavioBolsonaro @tininhasouzarj vai dar a bunda pra ser eleito tb?,NEUTRO,,0,1,0
2078699027508404726,2026-07-19T04:30:43.000Z,IronWTF_,Hahaha,False,"@FlavioBolsonaro @tininhasouzarj Marionete de judeu nojento.  Tu é um lixo, um verme, uma put4 de sionista.",RETORICA_AGRESSIVA,\blixo\b; \bverme\b; \bnojent,0,0,0
2078697988017307665,2026-07-19T04:26:35.000Z,wallace7souza,walla,False,@FlavioBolsonaro @tininhasouzarj Para que tá feio esse super populismo,NEUTRO,,0,0,0
2078697935689138610,2026-07-19T04:26:22.000Z,matacomunista12,O Flávio me obriga a votar no Renan,False,@FlavioBolsonaro @tininhasouzarj É melhor continuar com o patinho mesmo,NEUTRO,,0,0,0
2078697672668565853,2026-07-19T04:25:20.000Z,pedro_dourado00,Pedro,False,@FlavioBolsonaro @tininhasouzarj Você é um imbecil! Não apreendeu com o erro do seu pai e está fazendo reiterados acenos para um grupo da população que jamais votará em você. Larga a mão de ser animal e foque em SEGURANÇA E PREÇO DAS COISAS.,RETORICA_AGRESSIVA,\bimbecil\b,0,6,0
2078697643489001876,2026-07-19T04:25:13.000Z,capitaopinguim1,O Capitão Pinguim,False,"@FlavioBolsonaro @tininhasouzarj Eu diria que você è decepcionante, mas nunca fui burro o suriciente pra acreditar em você.",NEUTRO,,0,0,0
2078697461200085452,2026-07-19T04:24:29.000Z,aurelio_emidio,Froxonarinho e seus amigos do centrão,False,"@FlavioBolsonaro @tininhasouzarj Realmente, tu quer perder.   KKKKKKKKKKKKKKKKKKKKKKKKKKKKKKKKKKKKKKKKKKKKKKKKKKKKKKKKKKKKKKKKKKKKKKKKKKKK   O melhor para o Brasil é o Lula ser reeleito mesmo, só assim vamos ter uma direita mais limpa, porque isso aí já beira a insanidade.   Eu desisto, nem vou comentar mais.",NEUTRO,,0,0,0
2078696913977655318,2026-07-19T04:22:19.000Z,lfecard,Leozão,False,"@FlavioBolsonaro @tininhasouzarj Fortaleça a construção civil e comece a modernizar o país. Para aqueles que tiverem o bolsa família e que queiram trabalhar nesse setor, dobre o auxílio, para que essas pessoas possam reconstruir o Brasil.",NEUTRO,,0,0,0
2078696676580086130,2026-07-19T04:21:22.000Z,iblackbearr,sabonete alvinegro praiano ˢᵒ́ ˢᵃᶠ ʳᵉˢᵒˡᵛᵉ,False,@FlavioBolsonaro @tininhasouzarj mal posso esperar pra ver vc preso junto com seu pai,NEUTRO,,0,0,0
2078696465128468549,2026-07-19T04:20:32.000Z,EbertonMenaldo,Eberton Menaldo,False,@FlavioBolsonaro @tininhasouzarj kkkkkkkkkkkkkkkkkkkkkkkkkkkkkk tá difícil ai em Tariflávio,NEUTRO,,0,0,0
2078696186702082504,2026-07-19T04:19:25.000Z,ChuckCulkin,Chuck Culkin,False,"@FlavioBolsonaro @tininhasouzarj Vou votar no Lula. Mesmas propostas, mas pelo menos não rebola igual uma bichona em comício e não fica de coitadismo igual ao frouxo do seu pai 👍",NEUTRO,,0,4,0
2078696070465401122,2026-07-19T04:18:58.000Z,Mauriciobrasa8,Mauricio_paulista,False,"@FlavioBolsonaro @tininhasouzarj Isso mesmo, o bolsa família é um complemento a renda famíliar, as pessoas vão perder o medo de trabalhar com a carteira assinada.",NEUTRO,,0,0,0
2078696029457719689,2026-07-19T04:18:48.000Z,gatomoinhos,Bjjjjer,False,@FlavioBolsonaro @tininhasouzarj Kkkkkk vai perder no primeiro turno,NEUTRO,,0,0,0
2078695647201333357,2026-07-19T04:17:17.000Z,GadsdenSnake84,Gadsden,False,"@FlavioBolsonaro @tininhasouzarj Com que dinheiro, seu filho da puta?! Já estamos com 10% do PIB de deficit nominal e tu fica fazendo as mesmas propostas populistas que a esquerda?!  Tu é tão populista quanto Lula, seu esquerdista de merda!!! 🤬🖕",NEUTRO,,0,11,0
2078695620533989585,2026-07-19T04:17:10.000Z,_Kai0z,kaio,False,@FlavioBolsonaro @tininhasouzarj Vai tomar no seu cu,NEUTRO,,0,0,0
2078694627226321370,2026-07-19T04:13:14.000Z,pdr_0024,pedro_024 🇧🇷 ☭⃠ ✝️ BFR ★彡,False,"@FlavioBolsonaro @tininhasouzarj Cara, não tem uma pauta de direita pra vc explorar não? É isso que vc tem pra oferecer? Que patético!",NEUTRO,,0,5,0
2078694519336227101,2026-07-19T04:12:48.000Z,davidesouzabh,Davi de Souza,False,@FlavioBolsonaro @tininhasouzarj Que merda é essa?,NEUTRO,,0,0,0
2078694488235511965,2026-07-19T04:12:40.000Z,RighteousOrMad,Rodrigo Matheus,False,@FlavioBolsonaro @tininhasouzarj Tá comendo merda,NEUTRO,,0,0,0
2078693485331235143,2026-07-19T04:08:41.000Z,bolado_madruga,Madruga Bolado (Conta reserva),False,@FlavioBolsonaro @tininhasouzarj Meu Deus 🤦,NEUTRO,,0,0,0
2078693467052482723,2026-07-19T04:08:37.000Z,aseven02,não sou eu,False,"@FlavioBolsonaro @tininhasouzarj Na moral, nem vou me dar o trabalho de sair para votar. Entre Esquerda 1 e Esquerda 2, quero que esse país se exploda!",NEUTRO,,0,2,0
2078693222520324504,2026-07-19T04:07:39.000Z,Luciano271828,Lima Romeu 🌐,False,"@FlavioBolsonaro @tininhasouzarj Que merda, hein... @FlavioBolsonaro... e você se diz de ""Direita"". https://t.co/xR4wSBtwBN",NEUTRO,,0,5,0
2078692701319434417,2026-07-19T04:05:34.000Z,brunoejb_angra,Bruno Barroso ⬛🟨⬜ - 🇧🇷🇮🇱🇺🇦,False,@FlavioBolsonaro @tininhasouzarj Tabata é você? https://t.co/w1h2XNpAmD,NEUTRO,,0,9,0
2078692356702806506,2026-07-19T04:04:12.000Z,KSP2910,KSP ✝️(🇪🇸),False,@FlavioBolsonaro @tininhasouzarj https://t.co/W5OWDdaTE8,NEUTRO,,0,7,0
2078689853374382392,2026-07-19T03:54:15.000Z,frbeall,F B,False,"@FlavioBolsonaro @tininhasouzarj Esse é o RENDA MINIMA do Suplicy.  Parabens.  Deve dar para todo brasileiro, independente de qualquer coisa.  Mas quem vai pagar?",NEUTRO,,0,2,0
2078689228624384176,2026-07-19T03:51:46.000Z,otaviohconci,Otávio H. Conci,False,"@FlavioBolsonaro @tininhasouzarj Apenas comprova, meu caro, que não existe direita no Brasil; você está apenas à direita da esquerda.",NEUTRO,,0,1,0
2078688840865181996,2026-07-19T03:50:14.000Z,mcfaccin,Okira,False,@FlavioBolsonaro @tininhasouzarj para de postar essas merdas populistas,NEUTRO,,0,0,0
2078688424815452296,2026-07-19T03:48:35.000Z,MagalhaesDriele,Driele Magalhães,False,@FlavioBolsonaro @InhoMotos @tininhasouzarj Muito bom presidente,NEUTRO,,0,0,0
2078688311577604397,2026-07-19T03:48:08.000Z,hjnaoabinn8814,Como Vidro,False,"@FlavioBolsonaro @tininhasouzarj incrível a sua capacidade de atirar no próprio pé, esse ano vai ser a primeira vez que eu vou votar 13 e vai ser por sua causa, eu faço questão de votar 13 e torcer pro ladrão de 9 dedos ganhar no primeiro turno pq pelo menos assim acaba de uma vez essa merda desse circo macabro",NEUTRO,,0,0,0
2078687954554253738,2026-07-19T03:46:43.000Z,brasil_reaca,Olavo de Carvalho 𝗻𝗼𝘀 𝗼𝗱𝗲𝗶𝗮!,False,@FlavioBolsonaro @tininhasouzarj https://t.co/Ow14W5XExW,NEUTRO,,0,173,5
2078687617822965903,2026-07-19T03:45:22.000Z,simao_rafael,Simão,False,@FlavioBolsonaro @tininhasouzarj Boa! O q mantém parte no informal é o medo de perder “na hora” o auxílio ou parte dele. A proposta incentiva sair do informal.,NEUTRO,,0,1,0
2078687598164447374,2026-07-19T03:45:18.000Z,Gustavo88536022,Gustavo Cardoso,False,@FlavioBolsonaro @tininhasouzarj Apoio Flávio faça de tudo para ganhar essa eleição se for preciso fazer tudo que o lula fez para ganhar inclusive chamar o seu pai de pedofilo na campanha de 2022 faça o que for preciso e necessário suje as mãos política é isso,NEUTRO,,1,1,0
2078686794149695933,2026-07-19T03:42:06.000Z,Mikleo06,Mikleo,False,@FlavioBolsonaro @tininhasouzarj Corta o pau fora então,NEUTRO,,0,0,0
2078686704660103517,2026-07-19T03:41:45.000Z,passarcara37612,Pan Troglodytes Patrioticus,False,@FlavioBolsonaro @tininhasouzarj https://t.co/A27jc9TccJ,NEUTRO,,0,0,0
2078685746395848717,2026-07-19T03:37:56.000Z,felipesouponce,felipesouponce,False,@FlavioBolsonaro @suzyfleury @tininhasouzarj Kkkkkk. Lula 2.0,NEUTRO,,0,0,0
2078685106571489520,2026-07-19T03:35:24.000Z,brasil_reaca,Olavo de Carvalho 𝗻𝗼𝘀 𝗼𝗱𝗲𝗶𝗮!,False,@FlavioBolsonaro @tininhasouzarj https://t.co/LaLKgUWM11,NEUTRO,,0,0,0
2078684953873637857,2026-07-19T03:34:47.000Z,obruce_,Bruce 🇸🇻🇳🇵,False,@FlavioBolsonaro @tininhasouzarj 🤦🏻‍♂️,NEUTRO,,0,0,0
2078684756628197488,2026-07-19T03:34:00.000Z,brasil_reaca,Olavo de Carvalho 𝗻𝗼𝘀 𝗼𝗱𝗲𝗶𝗮!,False,"@FlavioBolsonaro @tininhasouzarj ""Na disputa de esquerdismo, o mais esquerdista sempre ganha. Não vai ganhar voto da esquerda e ainda vai perder a direita."" De Carvalho, Olavo.",NEUTRO,,0,0,0
2078684702496485507,2026-07-19T03:33:47.000Z,jaum60,João,False,"@FlavioBolsonaro @tininhasouzarj Desse jeito é melhor deixar o Lula, candidado.",NEUTRO,,0,2,0
2078684702496485507,2026-07-19T03:33:47.000Z,jaum60,João,False,"@FlavioBolsonaro @tininhasouzarj Desse jeito é melhor deixar o Lula, candidado.",NEUTRO,,0,2,0
2078684328653955582,2026-07-19T03:32:18.000Z,teoriadacons,Teoria Da Constatação 🔎,False,"@FlavioBolsonaro @tininhasouzarj pavimentar o terreno pra renda básica universal, né!?  Nós sabemos, você também tem contas a prestar e acordos a cumprir.  Teus eleitores tão assim. https://t.co/3JKWpeoFyM",NEUTRO,,0,23,1
2078684270566977911,2026-07-19T03:32:04.000Z,madaraa02,忍者マダラMadara,False,@FlavioBolsonaro @tininhasouzarj kkkkkkkkkkkkkkkkkkkkkkkkkkkkkkk não dá não véi,NEUTRO,,0,0,0
2078684197506404775,2026-07-19T03:31:47.000Z,brasil_reaca,Olavo de Carvalho 𝗻𝗼𝘀 𝗼𝗱𝗲𝗶𝗮!,False,@FlavioBolsonaro @tininhasouzarj O nosso candidato de direita:   - Um moderado (Segundo Alexandre de Marais)   - Pede dinheiro pro Vorcaro.   - Lei da misogia.   - Celular e internet grátis para mulher.   - Bolsa família eterno. Até para quem acha emprego.   - (Próxima)....???,NEUTRO,,0,4,0
2078684030090821876,2026-07-19T03:31:07.000Z,merdilmacaquil,merdilmacaquil,False,"@FlavioBolsonaro @tininhasouzarj Vai tomar no cu, seu merda. A única esperança q tinha nessa desgraça de pais é esse rachadinha do Caraí c populismo barato achando que vai ganhar voto de esquerdista. Parece q não aprendem nunca. Estratégia q seu pai segui e tá lá agora, preso e esquecido.",NEUTRO,,0,10,0
2078683704554103117,2026-07-19T03:29:49.000Z,RDirectum,Luizinho 9 dedos,False,"@FlavioBolsonaro @tininhasouzarj Mano, vá tomar no cu.",NEUTRO,,0,0,0
2078683386525143344,2026-07-19T03:28:34.000Z,jacob007_jacob,Jacob,False,@FlavioBolsonaro @tininhasouzarj Papo de Lula 2.0 🤣🤣🤣🤣 tamo fudido,NEUTRO,,0,0,0
2078683061382754663,2026-07-19T03:27:16.000Z,brasil_reaca,Olavo de Carvalho 𝗻𝗼𝘀 𝗼𝗱𝗲𝗶𝗮!,False,@FlavioBolsonaro @tininhasouzarj Kkkkkkkkkkkkkkkkkkkkkkkkkkkkkkkkkkkkkkkkkkkkkkkkkkkkkkkkkkkkkkkkkkkkkkk O Flávio está perdidinho.,NEUTRO,,0,0,0
2078682753596305629,2026-07-19T03:26:03.000Z,Bahianodenovo,Elize MatsuNargasss,False,@FlavioBolsonaro @tininhasouzarj Você é esquerdista pra caralho kkkkkkk,NEUTRO,,0,1,0
2078682600084746526,2026-07-19T03:25:26.000Z,lucynz2003,Luciana nazima,False,"@FlavioBolsonaro @tininhasouzarj Pelo amor de Deus, quer ver o povo dependendo do bolsa família e não querer trabalhar? Pauta populista é a esquerda quem gosta, agora o senhor também?",NEUTRO,,0,0,0
2078681942195634369,2026-07-19T03:22:49.000Z,Ironizmo,Ironizm,False,"@FlavioBolsonaro @tininhasouzarj ""Parabéns candidato, isso vai unir o Brasil, o povo está cansado de ouvir que precisa trabalhar, chega disso, o povo precisa ser valorizado e cuidado pelo Estado para ter uma mudança de vida, parabéns!"", diz CLT.",NEUTRO,,2,1,0
2078681910906094046,2026-07-19T03:22:42.000Z,Hatty_Schoel,Hatty,False,@FlavioBolsonaro @tininhasouzarj Não cara ... se a pessoa conseguir trabalho de carteira assinada ela TEM QUE ter o bolsa-família anulado. https://t.co/5hxnSaFKeP,NEUTRO,,0,0,0
2078681718207259018,2026-07-19T03:21:56.000Z,Arthravaneli,Arthur ⬛🟨⬜,False,@FlavioBolsonaro @tininhasouzarj E ele continua sinalizando pra base dos outros e perdendo a dele kkkkkk @RenanSantosMBL @JunitoMBL @renato_battista @madeleinelacsko @DiogodaLuzBR @ricardo_mbl @_AnaHering @arthurmoledoval,NEUTRO,,0,4,0
2078681328522862656,2026-07-19T03:20:23.000Z,LeandroG29192,Leandro 🇮🇱,False,@FlavioBolsonaro @tininhasouzarj Oi???,NEUTRO,,0,0,0
2078681273128661489,2026-07-19T03:20:10.000Z,whisky_aaa,AAA,False,@FlavioBolsonaro @tininhasouzarj o Tarcísio faria melhor que você pelo jeito,NEUTRO,,0,2,0
2078681131247960260,2026-07-19T03:19:36.000Z,Angelo836467641,Angelo,False,@FlavioBolsonaro @BPaulobrasil22 @tininhasouzarj Porra! Aí não… aí não…,NEUTRO,,0,0,0
2078681030484013446,2026-07-19T03:19:12.000Z,bufforegularis,🚨Urgenta 🚨 Da silva,False,@FlavioBolsonaro @tininhasouzarj Então os 40 milhões de cidadãos produtivos ainda vão sustentar os outros 160 milhões de improdutivos,NEUTRO,,0,3,0
2078681005855023610,2026-07-19T03:19:06.000Z,LuizjrnetoNeto,Uruboo,False,"@FlavioBolsonaro @tininhasouzarj Se filia logo no Psol, seu merda.",NEUTRO,,0,0,0
2078680864741896295,2026-07-19T03:18:32.000Z,V1c10rCrf,Victor,False,@FlavioBolsonaro @tininhasouzarj Vou parar de ver notícias suas senão nem sairei de casa pra votar.,NEUTRO,,0,0,0
2078680758558859450,2026-07-19T03:18:07.000Z,ovictorviana,Victor,False,@FlavioBolsonaro @tininhasouzarj Saímos de quem recebe “bolsa família é vagabundo” para “terá cashback no bolsa família” kkkkkkk,RETORICA_AGRESSIVA,\bvagabund,0,3,0
2078680600198643793,2026-07-19T03:17:29.000Z,BeelzeMC,beeelzebub666,False,@FlavioBolsonaro @tininhasouzarj O homen é uma maquina.😂,NEUTRO,,0,0,0
2078680352806023561,2026-07-19T03:16:30.000Z,Thejesusgomes30,João Paulo Gomes De Jesus,False,@FlavioBolsonaro @tininhasouzarj A meu Deus vai tomar no cu.,NEUTRO,,0,0,0
2078679482185990451,2026-07-19T03:13:03.000Z,CarlosSisso,Til no Lugar Errado,False,@FlavioBolsonaro @tininhasouzarj Afff...,NEUTRO,,0,0,0
2078679100005437788,2026-07-19T03:11:32.000Z,hallucigeniacry,Hallucigenia,False,"@FlavioBolsonaro @tininhasouzarj Mermão, pelo bem da direita no bOStil... desista! https://t.co/xyGrl5kYoz",NEUTRO,,0,20,0
2078678987111292992,2026-07-19T03:11:05.000Z,PintoAbreu_PM,Marcelo Pinto Abreu,False,@FlavioBolsonaro @tininhasouzarj PQP…….. O trabalhador deste país não tem saída: 1 - Vota num esquerdista assistencialista(Lula). 2 - Vota no conservador assistencialista(Flávio). Já estou inclinado a votar nulo!,NEUTRO,,0,1,0
2078678976969756691,2026-07-19T03:11:02.000Z,0iluministro,Alec Olliver,False,@FlavioBolsonaro @tininhasouzarj Pprta de saída ou eu vou receber também? Esse aceno populista tá indo longe demais.,NEUTRO,,0,0,0
2078678546105454971,2026-07-19T03:09:20.000Z,CoringaSccp3,CoringaSCCP 🦅,False,"@FlavioBolsonaro @tininhasouzarj Por isso não vou votar em você, tambem por ter virado um feministo. Prefiro anular meu voto.",NEUTRO,,0,1,0
2078678394716221581,2026-07-19T03:08:43.000Z,Khaielsan,joaquim gabriel,False,@FlavioBolsonaro @tininhasouzarj Lula é você ?,NEUTRO,,0,0,0
2078678299413201179,2026-07-19T03:08:21.000Z,barba_gato,Racismo Ambiental Pães e Doces Ltda,False,@FlavioBolsonaro @tininhasouzarj vc é o Lula sem o bafo de cachaça,NEUTRO,,0,7,0
2078677796172284345,2026-07-19T03:06:21.000Z,nicacioweb,Nicácio,False,@FlavioBolsonaro @tininhasouzarj Desgraçado,NEUTRO,,0,0,0
2078676501050822997,2026-07-19T03:01:12.000Z,CCarderaro,Carlos Carderaro,False,@FlavioBolsonaro @tininhasouzarj Vou cortar meu voto em você.,NEUTRO,,0,1,0
2078676315809460497,2026-07-19T03:00:28.000Z,Marcelo21672082,Marcelo MEDEIROS,False,"@FlavioBolsonaro @tininhasouzarj Muito igual ao lula, faz um favor apoie o prebicito sobre a separação da região Sul do restante do Brasil",NEUTRO,,0,0,0
2078676289183973820,2026-07-19T03:00:21.000Z,cgoncalves1912,Gonçalves🛰️🇧🇷,False,"@FlavioBolsonaro @tininhasouzarj o candidato de ""direita"" aí",NEUTRO,,0,0,0
2078674727573258682,2026-07-19T02:54:09.000Z,Raffaell_Mello,Rafa🇧🇷🏴🏳️♐️,False,@FlavioBolsonaro @tininhasouzarj Ele ama o pobre eu to chocado que era mentira esse tempo todo😮,NEUTRO,,0,0,0
2078673777588645905,2026-07-19T02:50:23.000Z,yarapnsa,Yara P. N. de Sa,False,"@FlavioBolsonaro @tininhasouzarj Ah, que maravilha! O povo brasileiro vão sustentar os que não largam a teta! Vá te catar, rachadinha esquerdista!",NEUTRO,,0,0,0
2078673261576011782,2026-07-19T02:48:20.000Z,solangemelloc,"O caminho é um só ,sem se desviar...",False,"@FlavioBolsonaro @tininhasouzarj Dessa maneira todos que já  estão  empregados e assalariados, irão reivindicar o Bolsa-família. Não Prometa  mundos e fundos. Menos é mais.",NEUTRO,,0,2,0
2078672729776042268,2026-07-19T02:46:13.000Z,W1LLSeriesF,W™,False,@FlavioBolsonaro @tininhasouzarj Pelo visto teremos dois candidatos socialistas no 2º turno. Bolsopetismo é real demais.,NEUTRO,,0,0,0
2078672711400792547,2026-07-19T02:46:08.000Z,jamillesd,Jam Duarte 🇧🇷,False,@FlavioBolsonaro @tininhasouzarj Se for pra ser igual ao Lula pra quê trocar?,NEUTRO,,0,1,0
2078671958745440387,2026-07-19T02:43:09.000Z,johnsons0n,Lula Gregoriano do Cruzeiro,False,@FlavioBolsonaro @tininhasouzarj Vai pro caralho então,NEUTRO,,0,0,0
2078671865149526039,2026-07-19T02:42:47.000Z,tomasbaldissera,tomas santos,False,"@FlavioBolsonaro @tininhasouzarj Tem que cortar sim, as pessoas tem que trabalhar e não depender do governo. A única coisa que queremos é que baixe impostos. Somente de bolsa família as famílias que realmente precisam.",NEUTRO,,0,0,0
2078671839354892695,2026-07-19T02:42:41.000Z,MaraRMagalhaes,Mara Magalhaes,False,@FlavioBolsonaro @tininhasouzarj Quem está escrevendo seu plano de governo? O Lula?,NEUTRO,,0,0,0
2078670410216796520,2026-07-19T02:37:00.000Z,ramir3zzz,RamirezZ 𓆏,False,"@FlavioBolsonaro @tininhasouzarj E vcs ainda querem que a gnt vote nesse cara bahhahahahaha so voto nele se o adversario for o renan do mbl, fora o renan, eu jamais voto em um bolsonaro de novo",NEUTRO,,0,0,0
2078670295712612736,2026-07-19T02:36:32.000Z,BiahMel22,Nara,False,@FlavioBolsonaro @tininhasouzarj Afff,NEUTRO,,0,0,0
2078669150692540840,2026-07-19T02:31:59.000Z,SrOphensa,SrOphensa,False,"@FlavioBolsonaro @tininhasouzarj Vou ter que apertar o 13, então? PQP",NEUTRO,,0,0,0
2078669003292025154,2026-07-19T02:31:24.000Z,Sbrugle123,Shadow,False,@FlavioBolsonaro @tininhasouzarj Não tem mais como votar em vc . Tá aumentando assistencialismo. Vc é um imbecil,RETORICA_AGRESSIVA,\bimbecil\b,0,22,0
2078668258236924201,2026-07-19T02:28:27.000Z,EsseApoia,Maruan,False,"@FlavioBolsonaro @tininhasouzarj Esse idiota quer fazer de tudo pra agradar um público que nunca vai votar nele, a direita bolsonarista tá morta mesmo",NEUTRO,,0,0,0
2078668024924488044,2026-07-19T02:27:31.000Z,o_olavista_news,Prof.Giliarde 🇺🇲🇧🇷📚🦅,False,@FlavioBolsonaro @tininhasouzarj Que palhaçada! Quer ser o sucesso do Lula?,NEUTRO,,0,1,0
2078666349971124418,2026-07-19T02:20:52.000Z,CigarroHeleno,Cigarro Heleno,False,@FlavioBolsonaro @tininhasouzarj A Flavio vai tomar no seu cu.,NEUTRO,,0,0,0
2078666012904587775,2026-07-19T02:19:31.000Z,darkseid_aquele,mestre dos bagos,False,@FlavioBolsonaro @tininhasouzarj Nao seria melhor cortar o bolsa familia quem nao procura emprego ?,NEUTRO,,0,0,0
2078665082540609672,2026-07-19T02:15:50.000Z,mephisthus,Phillippo Orlandi-Schiavonni,False,@FlavioBolsonaro @Claudio51336128 @tininhasouzarj Você acaba de quebrar uma barreira de confiança que nunca mais vai recuperar seu merda inútil,NEUTRO,,0,0,0
2078664764310393253,2026-07-19T02:14:34.000Z,andreOVeiodaBoa,André Luís,False,"@FlavioBolsonaro @tininhasouzarj Toma vergonha na cara, mentiroso!",NEUTRO,,-1,0,0
2078663085225627943,2026-07-19T02:07:53.000Z,sanarapenteado1,Nara R,False,"@FlavioBolsonaro @tininhasouzarj Que loucura, Flavio!!",NEUTRO,,0,0,0
2078662668643074534,2026-07-19T02:06:14.000Z,MTBackAgain22,TeddyBR22 🇧🇷,False,"@FlavioBolsonaro @tininhasouzarj Flávio, sua equipe de campanha tá aluada! Existe várias frentes de ataque por parte dos esgoto esquerdista, sem nenhuma ação de defesa por parte da sua equipe. Muitas são previsíveis, mas nenhuma ação é tomada. Dá um chacoalhão nessa turma",NEUTRO,,0,2,0
2078661886065701028,2026-07-19T02:03:07.000Z,AAdryane,#nem1realprolula 🇧🇷🇧🇷,False,"@FlavioBolsonaro @tininhasouzarj Não precisa acabar, mas tem que ter um prazo. Receber dinheiro para não trabalhar para sempre é incentivar a vagabundagem.",RETORICA_AGRESSIVA,\bvagabund,0,0,0
2078660826743943407,2026-07-19T01:58:55.000Z,pedreirobastiao,Bastião Pedreiro,False,@FlavioBolsonaro @tininhasouzarj Kkkk é bem mais fácil votar no PT mesmo,NEUTRO,,0,1,0
2078659998477852688,2026-07-19T01:55:37.000Z,algrac,Algrac,False,@FlavioBolsonaro @tininhasouzarj Vc é um bosta,NEUTRO,,0,0,0
2078659536424992899,2026-07-19T01:53:47.000Z,tecio_andrade,Vai se fuder,False,"@FlavioBolsonaro @tininhasouzarj Meu voto essa família de filhos da puta nunca mais terão, infelizmente o povo de Santa Catarina se tornou vassalos dessa família de merda e vão eleger dois imbecis dessa família que transformando o estado de Santa Catarina em curral eleitoral",NEUTRO,,0,5,0
2078658772688338952,2026-07-19T01:50:45.000Z,mesarahsophie,Sarah Sophie 🇧🇷🇺🇸 🦅,False,@FlavioBolsonaro @tininhasouzarj Queria votar em homem,NEUTRO,,0,0,0
2078656013180485662,2026-07-19T01:39:47.000Z,xFree2030,Cibalena,False,"@FlavioBolsonaro @tininhasouzarj Tá errado isso, porra!",NEUTRO,,0,0,0
2078653493313761551,2026-07-19T01:29:46.000Z,roneyhosthotma1,Ronei,False,@FlavioBolsonaro @tininhasouzarj Aí você nos quebra... literalmente.,NEUTRO,,0,0,0
2078651482694447401,2026-07-19T01:21:47.000Z,Nicacio_wallace,Wallace Nicacio ⬛️🟨⬜️,False,"@FlavioBolsonaro @tininhasouzarj Galera que carrega esse Brasil nas costas, trabalhando igual um condenado pra esse parasita tirar o seu dinheiro do cu dele pra comprar votos com auxílio social, temos um candidato que vai oferece emprego pra cancelar auxílio e transformar esse país em algo produtivo Renan santos",NEUTRO,,0,0,0
2078650147064451112,2026-07-19T01:16:29.000Z,FernandoLu49029,Fernando mineiro,False,"@FlavioBolsonaro @tininhasouzarj Pra fazer política do PT, melhor deixar o Lula mesmo. Você não aprendeu nada com os erros do seu pai.",NEUTRO,,0,0,0
2078649949986955429,2026-07-19T01:15:42.000Z,JamirBoscari,Jamir Boscari,False,"@FlavioBolsonaro @tininhasouzarj Senador. Lembra o povo que a média do bolsa família no governo petista era de R$ 190,00 reais. Bolsonaro entregou o governo com o bolsa família com mo mínimo  R$ 600,00 reais por família.",NEUTRO,,0,0,0
2078649682557858077,2026-07-19T01:14:38.000Z,MariaJo57385639,Maria Jose,False,@FlavioBolsonaro @tininhasouzarj Vai te catar . To tomando nojo. Ta virando esquerdista?,NEUTRO,,-1,0,0
2078649262359957749,2026-07-19T01:12:58.000Z,MariaJo57385639,Maria Jose,False,@FlavioBolsonaro @tininhasouzarj Ai demais,NEUTRO,,0,0,0
2078649145683030427,2026-07-19T01:12:30.000Z,PauloD08618786,PD,False,"@FlavioBolsonaro @tininhasouzarj Acorda cara, se ajuda pelo amor de Deus...",NEUTRO,,0,0,0
2078649142084018649,2026-07-19T01:12:29.000Z,leojr_cwb,Léo de Leônidas,False,@FlavioBolsonaro @tininhasouzarj DE ONDE QUE O POVO TIRA ESSAS COISAS?   ESSAS COISAS NEM EXISTEM NA INTERNET 🙄,NEUTRO,,0,0,0
2078648846402658714,2026-07-19T01:11:19.000Z,AaronHerna25704,Coalhada,False,"@FlavioBolsonaro @tininhasouzarj Ue... entao tb quero, receber extra e continuar trabalhando",NEUTRO,,0,0,0
2078648388711550979,2026-07-19T01:09:29.000Z,arfatop,"Dr Estranho10 5 6 5Vá pra pqp,mais ñ fique em CASA",False,"@FlavioBolsonaro @tininhasouzarj Não vai mesmo, vai até dar celular e internet para completar o pacote. Pacote socialista puro...governo de direita, piada...",NEUTRO,,0,0,0
2078647827727819245,2026-07-19T01:07:16.000Z,arfatop,"Dr Estranho10 5 6 5Vá pra pqp,mais ñ fique em CASA",False,@FlavioBolsonaro @tininhasouzarj Que bosta  hein...,NEUTRO,,0,0,0
2078646914157838412,2026-07-19T01:03:38.000Z,macacocariok,macarioca,False,@FlavioBolsonaro @tininhasouzarj vc quer que eu vote no lula é fala logo maldito,NEUTRO,,0,96,0
2078646259066273860,2026-07-19T01:01:02.000Z,PauloRo85198875,DF,False,@FlavioBolsonaro @tininhasouzarj Kkkkkkkkkkkk mas antes o bolsa família pra vcs era um absurdo. Porque mudou agora??,NEUTRO,,-1,0,0
2078643705066471506,2026-07-19T00:50:53.000Z,halcyon2222,halcyon,False,@FlavioBolsonaro @tininhasouzarj Seu merda!,NEUTRO,,0,0,0
2078643022284120280,2026-07-19T00:48:10.000Z,pililipeleleca,VVRR,False,"@FlavioBolsonaro @tininhasouzarj Flavio, pára de populismo, encarna o Bukele feat. Milei e era isso.",NEUTRO,,0,0,0
2078641894091870270,2026-07-19T00:43:41.000Z,NardiJuliano,Juliano,False,"@FlavioBolsonaro @tininhasouzarj Se for para votar em canhoto nem saio de casa, obrigado por avisar que será um inútil se eleito.",NEUTRO,,0,6,0
2078641862554873911,2026-07-19T00:43:33.000Z,BBreaker28313,Blues Breaker,False,@FlavioBolsonaro @tininhasouzarj Daí conseguiu ser pior que o Lula,NEUTRO,,0,0,0
2078641491577073936,2026-07-19T00:42:05.000Z,Shulaawlo,Shura 🇧🇷🇮🇱,False,"@FlavioBolsonaro @tininhasouzarj Era só o que faltava Pqp desisto, jamais vou contra aquilo que tanto lutei que é a diminuição do estado na vida das pessoas. Tô pulando fora desse navio a deriva. https://t.co/kBRdsV3GwY",NEUTRO,,0,0,0
2078640606650204622,2026-07-19T00:38:34.000Z,JoseFBonifacio,J. Bonifácio,False,"@FlavioBolsonaro @tininhasouzarj Vorcaro te acostumou mal, talvez não saiba, mas o Brasil que produz e banca as festas de astronauta por aí, não caga dinheiro.",NEUTRO,,0,0,0
2078639626009321632,2026-07-19T00:34:40.000Z,TiagoSG22,TiagoSG 🇧🇷🇧🇷🇧🇷,False,"@FlavioBolsonaro @tininhasouzarj não aumentando mais do que já esta e ótimo, se diminuir seria melhor dos casos...",NEUTRO,,0,0,0
2078639040086089771,2026-07-19T00:32:21.000Z,CarlosH33728189,Ten Silvino,False,@FlavioBolsonaro @tininhasouzarj Você concorda que mesmo o cidadão trabalhando receba o Bolsa-Família?,NEUTRO,,0,0,0
2078637622298030221,2026-07-19T00:26:43.000Z,caio_segti,Caio O. Borges 🇧🇷🇮🇱🇺🇲,False,"@FlavioBolsonaro @tininhasouzarj Então diga o porque disso, falta essa explanação. O mais importante é emprego e não esmola do estado.",NEUTRO,,0,0,0
2078637269208973771,2026-07-19T00:25:18.000Z,MarcioRanierys,Marcio,False,@FlavioBolsonaro @tininhasouzarj Lula é tu?????? Não é possível gente que burrada fez o bolsonaro.....,NEUTRO,,0,1,0
2078637034856390834,2026-07-19T00:24:22.000Z,SonyMunir2018,SonyMunir2018,False,"@FlavioBolsonaro @tininhasouzarj O que é isso, petralha ???.. @FlavioBolsonaro ???? Sim  pois isso é pauta do PT , senão o PT volta  Tu quer perder  eleição,  só pode .",NEUTRO,,0,0,0
2078636768405111049,2026-07-19T00:23:19.000Z,CristinaMViana,Cristina Machado,False,"@FlavioBolsonaro @tininhasouzarj Você só pode estar brincando, né?",NEUTRO,,0,0,0
2078636717452521906,2026-07-19T00:23:07.000Z,pavao_helio,HP,False,@FlavioBolsonaro @Dulce59753771 @tininhasouzarj Baita burrice. Tem que acabar com essa sangria. Mas vc é um frouxo populista.,NEUTRO,,0,6,0
2078636363247657390,2026-07-19T00:21:42.000Z,thallespipoca,thallespipoca,False,"@FlavioBolsonaro @tininhasouzarj Tem q cortar , Chega já né",NEUTRO,,0,0,0
2078636363247657390,2026-07-19T00:21:42.000Z,thallespipoca,thallespipoca,False,"@FlavioBolsonaro @tininhasouzarj Tem q cortar , Chega já né",NEUTRO,,0,0,0
2078636206422937937,2026-07-19T00:21:05.000Z,oarruda,Tia do ZAP virada no Samurai 🇧🇷,False,"@FlavioBolsonaro @tininhasouzarj Flávio meu voto é teu incondicionalmente, mesmo que você fosse, ladrão, maconheiro, cheirador, miliciano, rachadinha... Não me importa, mas me ajuda a te ajudar, celular pra mulher, bolsa família eterno, não rola, né! Não exagera não, foca no que é importante, pelo amor de Deus,",NEUTRO,,0,7,0
2078635549393342739,2026-07-19T00:18:28.000Z,renata_vasq,Renata Míchkin,False,@FlavioBolsonaro @LisandraBrasil @tininhasouzarj Picolé de 💩 X Picolé de 🤮,NEUTRO,,0,0,0
2078635406082421044,2026-07-19T00:17:54.000Z,renata_vasq,Renata Míchkin,False,@FlavioBolsonaro @LisandraBrasil @tininhasouzarj Com o seu $ da rachadinha ou com o meu dinheiro?,NEUTRO,,0,0,0
2078635015668396136,2026-07-19T00:16:21.000Z,oarruda,Tia do ZAP virada no Samurai 🇧🇷,False,"@FlavioBolsonaro @tininhasouzarj Bolsa família precisa ter prazo de validade, não tem como ser eterno, isso não ajuda a pessoa a andar com as próprias pernas.",NEUTRO,,0,0,0
2078634451144237093,2026-07-19T00:14:06.000Z,humberto_tjr,Humberto Teixeira junior,False,@FlavioBolsonaro @FlvioRogrioPer1 @tininhasouzarj A melhor resposta a essa fakenews da esquerda é o exemplo do que seu pai fez. @FlavioBolsonaro  Mostre com dados e fatos o que @jairbolsonaro fez e o que a esquerda falava à época que ele faria. O método continua o mesmo.,NEUTRO,,0,1,0
2078633317839069251,2026-07-19T00:09:36.000Z,saonca14,SAONÇA,False,"@FlavioBolsonaro @mapfloripa @tininhasouzarj No Brasil, até a “direita” é de esquerd. Meu Deus…",NEUTRO,,0,7,0
2078632238283903122,2026-07-19T00:05:19.000Z,vaniafoortes,Vânia Fortes S,False,@FlavioBolsonaro @tininhasouzarj É isso aí meu Presidente,NEUTRO,,0,0,0
2078630586252505145,2026-07-18T23:58:45.000Z,SylviaH46018,Syl2024,False,"@FlavioBolsonaro @tininhasouzarj Que foi Flávio, contratou o sidônio como marqueteiro ?",NEUTRO,,0,4,0
2078630466878419138,2026-07-18T23:58:17.000Z,JuninhoBatista1,Gerson Jr,False,@FlavioBolsonaro @tininhasouzarj Você é vagabundo e populista picareta,RETORICA_AGRESSIVA,\bvagabund,0,0,0
2078630262880014651,2026-07-18T23:57:28.000Z,claudibeio,Botelho Botelho 🇧🇷🇧🇷,False,@FlavioBolsonaro @tininhasouzarj Fudeu,NEUTRO,,0,0,0
2078629786155470958,2026-07-18T23:55:34.000Z,BKJ1611,CULTURA FUNDAMENTALISTA,False,"@FlavioBolsonaro @tininhasouzarj Não sei quantos votos esquerdistas você acha que vai virar prometendo assistencialismo pra cima e pra baixo, mas tenho certeza de que o número não ultrapassa a quantidade de direitistas que estão ligando o ""dane-se"" e desistindo de você.",NEUTRO,,0,17,0
2078629470999597072,2026-07-18T23:54:19.000Z,WCardsM,WM 🇪🇸,False,@FlavioBolsonaro @tininhasouzarj Perdeu meu voto,NEUTRO,,0,0,0
2078629284021674367,2026-07-18T23:53:35.000Z,Rodrifreitas92,Rodrigo freitas,False,@FlavioBolsonaro @tininhasouzarj Só tá cagando hein Flávio,NEUTRO,,0,0,0
2078628980031201578,2026-07-18T23:52:22.000Z,Julio_Gaziola,Julio Cesar Gaziola 🇧🇷,False,"@FlavioBolsonaro @tininhasouzarj Já é assim, imbecil.  Vc vai fazer o mesmo q teu pai, congelar salários e não ajustar a tabela do imposto de renda.",RETORICA_AGRESSIVA,\bimbecil\b,0,0,0
2078628925966520543,2026-07-18T23:52:09.000Z,MachadoPris,Priscila Machado,False,"@FlavioBolsonaro @tininhasouzarj Essa é a diferença entre esquerda e direita: a esquerda acumula e mantém reféns do assistencialismo, a direita quer trazer todos para construírem uma economia sólida e participativa, mesmo que precisem de alguma ajuda do Estado.",NEUTRO,,0,0,0
2078628553352999293,2026-07-18T23:50:40.000Z,dakweo_,Davi,False,"@FlavioBolsonaro @tininhasouzarj Muito obrigado, corno. Faz o seguinte: dobra pra 1200. PAI DOS POBRES. Pqp",NEUTRO,,0,39,0
2078628237861617882,2026-07-18T23:49:25.000Z,VFreitas971,VILMA FREITAS 🇺🇸🇧🇷🇮🇱,False,"@FlavioBolsonaro @VANIAOL34413456 @tininhasouzarj EU NÃO SOU A FAVOR DE BOLSA FAMILIA, isto só existe em pais preguiçosos, de a vara e o Anzol , vão aprender trabalhar, aqui no usa 🇺🇸, se vc não trabalha morrer de fome mesmo, tem benefício de saúde, ajuda alimentar, mais todos tem de trabalhar o usa 🇺🇸, não carrega o povo não",NEUTRO,,0,2,0
2078627365026979923,2026-07-18T23:45:57.000Z,Amarilis221222,Amarílis,False,"@FlavioBolsonaro @SERGIORICKBSB @tininhasouzarj Nós brasileiros que acordamos 6h para bancar tudo isso estamos ferrados com vcs são todos iguais, o desânimo desse país!",NEUTRO,,0,5,0
2078627330860224618,2026-07-18T23:45:49.000Z,fazueli1313,Faz o L,False,@FlavioBolsonaro @tininhasouzarj A vai pra puta que pariu,NEUTRO,,0,1,0
2078626741833326738,2026-07-18T23:43:28.000Z,QueirozDeSchrd1,Queiroz De Schrodinger,False,@FlavioBolsonaro @tininhasouzarj Vai se criando um clima de desespero na gadolandia!!! Kkkkkkk,NEUTRO,,0,0,0
2078626382645764474,2026-07-18T23:42:03.000Z,pena_livio,Lívio Pena,False,@FlavioBolsonaro @tininhasouzarj https://t.co/ei0Api0due,NEUTRO,,0,19,3
2078625971918496202,2026-07-18T23:40:25.000Z,ramonstos99,Ramon Santos,False,"@FlavioBolsonaro @tininhasouzarj Isso é ruim, Flávio! A forma correta é capacitar o beneficiário, investindo em curso técnico ou facilitando empreender",NEUTRO,,0,0,0
2078625895384863225,2026-07-18T23:40:07.000Z,hglipoe,"canja, a primeira disgrama",False,"@FlavioBolsonaro @tininhasouzarj Flávio, você precisa falar isso quando fizer um vídeo, tem gente que quer votar  em você e recebe o bolsa família mas está com medo de você cortar.",NEUTRO,,0,0,0
2078625607106052166,2026-07-18T23:38:58.000Z,mariasophia0507,Sophia,False,@FlavioBolsonaro @tininhasouzarj TARIFLÁVIO!!!!!! TRAIDOR DA PÁTRIA!!!!,RETORICA_AGRESSIVA,\btraidor\b,0,0,0
2078625489397105085,2026-07-18T23:38:30.000Z,jorge_stef39901,Stefano Di Jorge Gabriel,False,@FlavioBolsonaro @tininhasouzarj https://t.co/gTfNoxnY2V,NEUTRO,,0,0,0
2078624331345608753,2026-07-18T23:33:54.000Z,thithipalmeiras,Thiago araujo,False,@FlavioBolsonaro @tininhasouzarj Palhaçada!!!!,NEUTRO,,0,0,0
2078624123798864206,2026-07-18T23:33:04.000Z,AntonioCEvan,Avante Brasil,False,@FlavioBolsonaro @GilbertoMeirel7 @tininhasouzarj ✍️🙌🙏🙏🙏👏👏👏👏👏👏👏👏 https://t.co/xDZ3us1Wly,NEUTRO,,0,3,0
2078623920270520597,2026-07-18T23:32:16.000Z,BlackSu12009556,Lubizone😬,False,@FlavioBolsonaro @tininhasouzarj Por isso q vou votar no Zema.,NEUTRO,,0,0,0
2078623512944574733,2026-07-18T23:30:39.000Z,LinaOpressora,democracia pujante,False,"@FlavioBolsonaro @tininhasouzarj Pois deveria sim anunciar uma porta de saída para esses sanguessugas pararem de parasitar os meus impostos. Olhe à sua volta e veja como Millei, por ex, e outros ganharam sem dobrar a espinha  pra esquerda. Seja homem, rapaz!",NEUTRO,,0,10,0
2078623228944158989,2026-07-18T23:29:31.000Z,Petistaslixos,"""Brasil acima de tudo. Deus acima de todos.""",False,@FlavioBolsonaro @tininhasouzarj Vão trabalhar vagabundos !!,RETORICA_AGRESSIVA,\bvagabund,0,0,0
2078623106306854940,2026-07-18T23:29:02.000Z,AnitaDimarco,ARD,False,@FlavioBolsonaro @tininhasouzarj O candidato da direita com propostas populistas que aumentam os gastos do Estado ao invés de enxuga-los! 🤦🏻‍♀️🤦🏻‍♀️🤦🏻‍♀️,NEUTRO,,0,39,0
2078622827369120148,2026-07-18T23:27:55.000Z,rodrigoapolonar,rodrigoapolinario,False,"@FlavioBolsonaro @tininhasouzarj Desgraça vc é uma desgraça flávio, me arrependo de ter votado em vc",NEUTRO,,0,1,0
2078622700935713202,2026-07-18T23:27:25.000Z,danielpger,Arcanjo Ducéu,False,@FlavioBolsonaro @tininhasouzarj Desee jeito vou trabalhar mais não. Vou viver de benefícios mesmo. É jeito Brasil vai continuar nessa bosta.,NEUTRO,,0,1,0
2078622586229989774,2026-07-18T23:26:58.000Z,Van_sef_uder,Vanderlei Lozano,False,@FlavioBolsonaro @tininhasouzarj ano q vem acaba a sua mamata vc vai perder a eleição e vai ser preso   depois de 22 anos de mandato o povo vai se ver livre de vc  vou celebrar todas as suas derrotas   a vida presta  vc não,NEUTRO,,0,0,0
2078622478302118032,2026-07-18T23:26:32.000Z,marlenefaccio,Marlene Lima Faccio,False,"@FlavioBolsonaro @tininhasouzarj To fora, mudarei meu voto",NEUTRO,,0,1,0
2078622406214648289,2026-07-18T23:26:15.000Z,Malalu1247255,Maria,False,@FlavioBolsonaro @MorenoRoos18911 @tininhasouzarj Os idosos estão confusos! Estão com medo de ter que trabalhar.,NEUTRO,,0,0,0
2078622156015952034,2026-07-18T23:25:15.000Z,ainda_humano,🇧🇷,False,@FlavioBolsonaro @tininhasouzarj Meu deus,NEUTRO,,0,0,0
2078621663533412604,2026-07-18T23:23:18.000Z,barbudocaverna,banânioDoMacaquil,False,"@FlavioBolsonaro @tininhasouzarj bolsonaros são contra os trabalhadores. Votam contra a escala 5x2, são contra os servidores públicos (professores, enfermeiros e policiais) e querem favorecer o grupo de empresários que exploram o povo.",NEUTRO,,0,0,0
2078621492732887245,2026-07-18T23:22:37.000Z,joao8_32_JB,João 8:32 🇧🇷 2️⃣2️⃣,False,@FlavioBolsonaro @tininhasouzarj 🎯,NEUTRO,,0,1,0
2078619323795685463,2026-07-18T23:14:00.000Z,FritzenCDZ,F,False,@FlavioBolsonaro @tininhasouzarj Pelamordedeus! Eles não vao.votar.em você! Largue mão de ficar com essas ideias esquerdistas.,NEUTRO,,0,2,0
2078619156249768167,2026-07-18T23:13:20.000Z,Napoliao37,Lion,False,@FlavioBolsonaro @tininhasouzarj Nesse caso votar no Lula então. Pq o Estado tem q continuar a pagar benefício para quem trabalha? Não faz sentido,NEUTRO,,0,4,0
2078618765986590796,2026-07-18T23:11:47.000Z,kbarbosilva1,kbarbosilva,False,"@FlavioBolsonaro @tininhasouzarj Essa mentira tem que ser combatida.  Desde 2018, a esquerda inventa que Bolsonaro vai retirar benefícios sociais.",NEUTRO,,0,2,0
2078618623749374144,2026-07-18T23:11:13.000Z,MarcosH2294,Marcos Henrique,False,"@FlavioBolsonaro @tininhasouzarj Boa presidente. Vou ter q continuar trabalhando pra pagar salário de vagabundo. Ainda vou votar em vc pela indicação do seu pai, mas pensei q daria diferente",RETORICA_AGRESSIVA,\bvagabund,0,27,0
2078618526839898578,2026-07-18T23:10:50.000Z,RORIBAS1,Rose R - 🇧🇷🇧🇷,False,@FlavioBolsonaro @tininhasouzarj 🤦🏻‍♀️🤦🏻‍♀️🤦🏻‍♀️🤦🏻‍♀️🤦🏻‍♀️,NEUTRO,,0,1,0
2078618179228631049,2026-07-18T23:09:27.000Z,Regina70937004,Regina,False,@FlavioBolsonaro @GomesMf9131825 @tininhasouzarj Assim como seu pai fez,NEUTRO,,0,0,0
2078617253986070829,2026-07-18T23:05:46.000Z,MegaBoy1988,MegaBoy1988,False,@FlavioBolsonaro @tininhasouzarj Olha as propostas desse jumento. 🤡,NEUTRO,,0,2,0
2078617096725156341,2026-07-18T23:05:09.000Z,LoudesMascaren1,Malu,False,"@FlavioBolsonaro @tininhasouzarj Vc está errado, dê oportunidade de emprego, capacita as pessoas e após um tempo corta os auxílios.  De que adianta mudar de presidente e o assistencialismo ser o mesmo?",NEUTRO,,0,0,0
2078614375569473707,2026-07-18T22:54:20.000Z,PHB_Pereira,PEREIRÃO,False,"@FlavioBolsonaro @tininhasouzarj Isso aqui merecia ser melhor explorado, mas parece que a assessoria de Flavio é mais petista que o pessoal do DCE da USP!  https://t.co/KDnb3RKSxX https://t.co/1WiMgQErtO",NEUTRO,,0,9,2
2078613854762811715,2026-07-18T22:52:16.000Z,Frankslene56845,FránSM369,False,"@FlavioBolsonaro @tininhasouzarj Aí não!! Empregou, tem que deixar o bolsa família.",NEUTRO,,0,1,0
2078613058528977032,2026-07-18T22:49:06.000Z,Horniest2233,Horny,False,"@FlavioBolsonaro @tininhasouzarj Feladaputa, petista nenhum vai votar em você, eu quero que você acabe com essa merda",NEUTRO,,0,0,0
2078612923350388972,2026-07-18T22:48:34.000Z,cau_fla,ClaudioX,False,"@FlavioBolsonaro @PenhaMartinelli @tininhasouzarj Que merda é essa? Semi socialismo, meia esquerda ou o quê?",NEUTRO,,0,36,1
2078612310269055282,2026-07-18T22:46:08.000Z,BarcellosMarcus,Marcus Barcellos,False,"@FlavioBolsonaro @RTdoBrasil @tininhasouzarj Flávio, por favor, evite dupla nagetiva na frase... ao invés de ""não vou cortar"", diga ""vamos manter"". O povo em geral não entende... ovem somente o ""cortar"".",NEUTRO,,0,0,0
2078612232427000156,2026-07-18T22:45:49.000Z,achiare,Ana #BrazilWasStolen ✝🇧🇷,False,@FlavioBolsonaro @tininhasouzarj Misericórdia!!!  Assim não dá.,NEUTRO,,0,2,0
2078612213653217408,2026-07-18T22:45:45.000Z,AntoniodaMatta,Erro 404,False,"@FlavioBolsonaro @bonoroshitzu22 @tininhasouzarj Que tal criar mais umas bolsas? Um bolsa pet, ter pet eh direito de todos e custa caro. Serviria para comprar o filhote, ração, vacinas! Se faltar ideia para criar benemerência com dinheiro público me avisa, temos muitas, posso ajudar! Valeu! 🤣🤣🤣",NEUTRO,,0,5,0
2078611964020900134,2026-07-18T22:44:45.000Z,dricaiarussi,Bom dia Vietinã!,False,@FlavioBolsonaro @tininhasouzarj Presidente,NEUTRO,,0,0,0
2078610676335944166,2026-07-18T22:39:38.000Z,cicaaguiar,eu_que_lute,False,"@FlavioBolsonaro @RTdoBrasil @tininhasouzarj Queremos saber da corrupção, da segurança, da inflação, dos impostos , do livre mercado!",NEUTRO,,0,0,0
2078610179176710245,2026-07-18T22:37:40.000Z,Jamesevander,James,False,"@FlavioBolsonaro @tininhasouzarj Haha já bateu o desespero né, depois que caiu nas pesquisas",NEUTRO,,0,0,0
2078610160084566512,2026-07-18T22:37:35.000Z,PedroLimaSouza5,Darcilene Souza,False,"@FlavioBolsonaro @tininhasouzarj No tempo do presidente Bolsonaro eu recebia o bolsa família e trabalhava, com o ladrão do lula, foi cortado o meu benefício 😏",NEUTRO,,0,0,0
2078609019883716648,2026-07-18T22:33:03.000Z,Martinsfull35,Tania,False,@FlavioBolsonaro @tininhasouzarj 👏👏👏👏 https://t.co/xABQCdjcuY,NEUTRO,,0,4,2
2078608255262310666,2026-07-18T22:30:01.000Z,spedo0811,Andrea 🇧🇷,False,@FlavioBolsonaro @tininhasouzarj https://t.co/BBpqS9W5ms,NEUTRO,,0,0,0
2078607412441792923,2026-07-18T22:26:40.000Z,Joaosmootvqxk,Joao smoot,False,@FlavioBolsonaro @SpaceSireninha @tininhasouzarj Esquerdista desgraçado!,NEUTRO,,0,2,0
2078605997921243346,2026-07-18T22:21:03.000Z,ReneedeOliveir2,Renee de Oliveira,False,@FlavioBolsonaro @MarineSassoo @tininhasouzarj Fala do seu plano de segurança pública que é sensacional 🙌🏻🇧🇷🚀,NEUTRO,,0,1,0
2078605966468096374,2026-07-18T22:20:55.000Z,paulinhose19,Paulo.e,False,"@FlavioBolsonaro @tininhasouzarj Eu faria uma mudança, quem recebe bolsa-familia, e conseguir emprego de carteira assinada, continua recebendo, mas só 50% do valor do Bolsa-familia.  Se a pessoa deixar o emprego, terá que aguardar 1 ano para receber novamente o valor integral.",NEUTRO,,0,0,0
2078605802399560020,2026-07-18T22:20:16.000Z,KyuRa_Kay,Wade Wilson.🇧🇷,False,"@FlavioBolsonaro @tininhasouzarj Ah pohha, não inventa merda. Se for pra eu continuar sustentando vagabundo eu não preciso de você",RETORICA_AGRESSIVA,\bvagabund,0,8,0
2078605366884204850,2026-07-18T22:18:32.000Z,MariaRivan89509,tico é teco amorzinho,False,"@FlavioBolsonaro @tininhasouzarj Muito bem Flávio Bolsonaro,só  quem realmente precisa do bolsa família.",NEUTRO,,0,1,0
2078604619278643658,2026-07-18T22:15:34.000Z,Volski20,Volski,False,@FlavioBolsonaro @RTdoBrasil @tininhasouzarj Única coisa que te ajuda que vc é melhor que Lula. Isso não é muita coisa.,NEUTRO,,0,1,0
2078604116532593083,2026-07-18T22:13:34.000Z,MarineSassoo,Mari Sasso,False,@FlavioBolsonaro @tininhasouzarj Assim como Jair Bolsonaro fez... #FlavioBolsonaroparaPresidentedoBrasil2026,NEUTRO,,0,4,1
2078604015596630389,2026-07-18T22:13:10.000Z,iluccasbr,Lucas,False,@FlavioBolsonaro @tininhasouzarj KKKK vai sim salvador da pátria,NEUTRO,,0,0,0
2078603986127458316,2026-07-18T22:13:03.000Z,a_taschetto,augusto taschetto,False,@FlavioBolsonaro @tininhasouzarj Errado. Não va por este caminho.  Desregulamente a burocracia BB as relações trabalhistas que o emprego volta. Bolsa família faça pente fino para eliminar fraude.,NEUTRO,,0,0,0
2078602690934804676,2026-07-18T22:07:54.000Z,lumenaazevedo14,Lumena Azevedo,False,@FlavioBolsonaro @GuinaHolanda @tininhasouzarj Nosso futuro presidente 🇧🇷🇧🇷🇧🇷🇧🇷🇧🇷🇧🇷🇧🇷🇧🇷🇧🇷🇧🇷🇧🇷🇧🇷🇧🇷🇧🇷🇧🇷,NEUTRO,,0,2,0
2078602608273441052,2026-07-18T22:07:35.000Z,Elzandreia,Zan Soares,False,"@FlavioBolsonaro @tininhasouzarj Não vai mesmo, vai até dar celular e internet para completar o pacote. Pacote socialista puro. Seu eleitorado não está nada satisfeito com essa promessa descabida. Quem quiser celular que trabalhe e compre. Dê oportunidades.",NEUTRO,,0,90,4
2078602474731020469,2026-07-18T22:07:03.000Z,betty_22fb,Betty⚖️,False,@FlavioBolsonaro @clarke_de_souza @tininhasouzarj @FlavioBolsonaro presidente!💚💛🇧🇷🚀,NEUTRO,,0,2,0
2078602430225207386,2026-07-18T22:06:52.000Z,DigodiasHd,HD,False,@FlavioBolsonaro @tininhasouzarj Kkkkkkkkkkkkkkkkkkkkkkkkkkkkkkkkkkkkkkkkkkkkkkkkkkkkkkkkkkkkkkkkkkkk,NEUTRO,,0,0,0
2078602424416157732,2026-07-18T22:06:51.000Z,fatimakneipp,Fatma Kneipp,False,"@FlavioBolsonaro @tininhasouzarj Tá esquerdando demais, cuidado.",NEUTRO,,0,3,0
2078602291326996721,2026-07-18T22:06:19.000Z,lucaseduar34120,AbcCripto,False,"@FlavioBolsonaro @tininhasouzarj Parabéns feouxonaro, tal pai tal filho",NEUTRO,,1,0,0
2078602229506875814,2026-07-18T22:06:04.000Z,EdinaMelo07,Edina Mello,False,@FlavioBolsonaro @tininhasouzarj Você tem que fazer um vídeo Flávio Bolsonaro sobre isso.,NEUTRO,,0,0,0
2078602222460625340,2026-07-18T22:06:03.000Z,PatDay_Think,combo,False,@FlavioBolsonaro @tininhasouzarj Mas não era isso que você e seus fãs sempre criticaram? Mas pra ganhar voto vale tudo né,NEUTRO,,0,9,0
2078602221021733061,2026-07-18T22:06:02.000Z,kadufonseca38,CarlosFonseca🇧🇷⚫🔴⚪🇾🇪👊,False,@FlavioBolsonaro @tininhasouzarj É Flávio Bolsonaro #22🇧🇷,NEUTRO,,0,1,0
2078602143297085662,2026-07-18T22:05:44.000Z,MichelLizott,Michel Lizott Piccolo,False,@FlavioBolsonaro @tininhasouzarj Está certo .,NEUTRO,,1,0,0
2078601979387941084,2026-07-18T22:05:05.000Z,RodSsabe,Rodrigo Bessa,False,@FlavioBolsonaro @tininhasouzarj Essa decisão é importante mas terás que decidir sobre ser um benefício ou um vitalício !,NEUTRO,,0,0,0
2078601495730172285,2026-07-18T22:03:09.000Z,TrueAgion,Justo Jesus Zoero,False,@FlavioBolsonaro @tininhasouzarj Ainda sim é melhor um bot na presidência que o Lula..,NEUTRO,,0,3,0
2078601371498991912,2026-07-18T22:02:40.000Z,r_mon454,Ramon Wilson Reis de Souza,False,"@FlavioBolsonaro @tininhasouzarj Que papo é esse pra celular, tá faltando neurônios, proposta tipo lula. Tão dizendo que te viram rebolando, meu amigo você tá fazendo campanha pra perder? Para de ser feminista.",NEUTRO,,0,3,0
2078600940173832210,2026-07-18T22:00:57.000Z,CaosDobbb,Agente do caos,False,@FlavioBolsonaro @tininhasouzarj Depois do celular gratuito para todas as mulheres vem o Bolsa família infinito https://t.co/mw7KFL4eYn,NEUTRO,,0,179,7
2078600648619397318,2026-07-18T21:59:47.000Z,Williandelima23,Willian Lima,False,@FlavioBolsonaro @tininhasouzarj Ó o desespero batendo a porta e prometendo coisa nada com nada 🤣🤣🤣🤣🤣🤣🤣🤣,NEUTRO,,0,0,0
2078600410319692170,2026-07-18T21:58:51.000Z,BananinhaGxi,Bananinha Gourmet,False,"@FlavioBolsonaro @tininhasouzarj @allandospanos , @madeleinelacsko @roberta_bastoss",NEUTRO,,0,0,0
2078600350127304887,2026-07-18T21:58:36.000Z,Ultimo_Jubileu,🕎Último Jubileu,False,"@FlavioBolsonaro @tininhasouzarj Flávio, faça um vídeo específico sobre isso. Rápido, objetivo e simples. Algo que viralize a verdade. Vai por mim, que vai dar bom. Explique que Bolsonaro tirou de 190 para 600 e tu vai manter, e vai dar mais oportunidade de emprego. Isso fecha com chave de ouro. Vídeo de 1 min. https://t.co/16Oh3CVIQv",NEUTRO,,0,10,1
2078600340438474891,2026-07-18T21:58:34.000Z,ChinaNetto,@Chinabasquete,False,@FlavioBolsonaro @tininhasouzarj Boa @FlavioBolsonaro venha a público e desmonta imediatamente as narrativas do pt ok 👍 Isso é muito importante para a nossa campanha eleitoral Abs prof China 🏀🇧🇷🇺🇸,NEUTRO,,0,0,0
2078600165934653680,2026-07-18T21:57:52.000Z,thibock,🇧🇷😎🙌🇮🇱🇺🇸👉,False,"@FlavioBolsonaro @tininhasouzarj Dar celular, Internet...... e o povo que pague!",NEUTRO,,0,4,0
2078600100285435956,2026-07-18T21:57:37.000Z,passarcara37612,Pan Troglodytes Patrioticus,False,@FlavioBolsonaro @tininhasouzarj https://t.co/zmIpYbaSrK,NEUTRO,,0,1,0
2078600082455204276,2026-07-18T21:57:32.000Z,georgemarcel91,George Marcel 🇧🇷,False,"@FlavioBolsonaro @tininhasouzarj Aumenta o salário mínimo para R$ 3.000,00",NEUTRO,,0,2,0
2078599948694655135,2026-07-18T21:57:00.000Z,BananinhaGxi,Bananinha Gourmet,False,@FlavioBolsonaro @tininhasouzarj O homem virou de extrema esquerda kkk,NEUTRO,,0,0,0
2078599811952234743,2026-07-18T21:56:28.000Z,figueiredo_tita,Tita Figueiredo,False,"@FlavioBolsonaro @tininhasouzarj Alem de celular , o cara vai continuar dando bolsa familia mesmo trabalhando. Caraca, onde ele vai tirar tanta grana? Pedir pro vocaro nao rola ne?",NEUTRO,,0,3,0
2078599687288869086,2026-07-18T21:55:58.000Z,lisboa_misael,🅼🅸🆂🅰️🅴🅻,False,@FlavioBolsonaro @tininhasouzarj https://t.co/BRXJMsdWIi,NEUTRO,,0,0,0
2078599562265006244,2026-07-18T21:55:28.000Z,Mord1da,Niggolas Ferreira ⬛🟥⬜,False,@FlavioBolsonaro @tininhasouzarj Daqui a poucos chegam os acéfalos da direita que ACHAM UMA ÓTIMA IDEIA o presidenciável de direita dizer que vai cortar o bolsa família a 3 meses da eleição 🤣  Jogo é jogado https://t.co/PW0vZTtNQe,NEUTRO,,0,10,0
2078599492769563030,2026-07-18T21:55:12.000Z,GouveiaElka,Elka R. Gouveia 🏄‍♀️🌺💚,False,@FlavioBolsonaro @RTdoBrasil @tininhasouzarj 👏👏👏👏👏👏👏,NEUTRO,,0,2,0
2078599455276757031,2026-07-18T21:55:03.000Z,Rosanad92108322,Rosana Marson,False,@FlavioBolsonaro @tininhasouzarj 👏👏👏👊🏻🇧🇷,NEUTRO,,0,1,0
2078599443167736180,2026-07-18T21:55:00.000Z,Training_fabiN,FabiN 🇧🇷,False,"@FlavioBolsonaro @clarke_de_souza @tininhasouzarj Num país onde a economia está bem, o salário tem valor, poucos impostos, rendas maiores, pessoas preferindo abrindo seus negócios. Bolsa qualquer coisa não é preocupação. O governo só tem que parar de nos roubar.  Flávio Bolsonaro 🇧🇷🫡",NEUTRO,,0,13,0
2078599367737438629,2026-07-18T21:54:42.000Z,Annlazysc,Anne,False,@FlavioBolsonaro @tininhasouzarj Erro,NEUTRO,,0,0,0
2078599306898989424,2026-07-18T21:54:27.000Z,rogerio_sc,Rogério,False,@FlavioBolsonaro @tininhasouzarj Vai prometer picanha também?,NEUTRO,,0,6,0
2078599198086406439,2026-07-18T21:54:01.000Z,rominhoadaousa,romulus,False,@FlavioBolsonaro @tininhasouzarj E QUANDO SUA FAMÍLIA VAI SAIR DAS TETAS SO ESTADO SEM NUNCA TER TIDO CARTEIRA ASSINADA ? VAGABUNDO !!!,RETORICA_AGRESSIVA,\bvagabund,0,0,0
2078599186430218625,2026-07-18T21:53:59.000Z,gutidoalegrete,Gaucho tchê🇧🇷💪👊,False,"@FlavioBolsonaro @tininhasouzarj Deveria fazer isso com o bpc também, já que o poder aquisitivo se deteriorou por completo e manter os custos está impossível",NEUTRO,,0,1,0
2078599183917826082,2026-07-18T21:53:58.000Z,LavinasJoao,Lavinas2️⃣2️⃣🇧🇷,False,"@FlavioBolsonaro @tininhasouzarj Mas está errado isso, Senador. Se o cara consegue um emprego ele tem que ser desligado do programa imediatamente.",NEUTRO,,0,0,0
2078598929483026546,2026-07-18T21:52:57.000Z,JurandirMacha14,💲O DÓLAR FURADO💲,False,"@FlavioBolsonaro @tininhasouzarj No Brasil, está desse jeito. 🤦‍♂️ https://t.co/ce5OU3lxz3",NEUTRO,,0,3,0
2078598824348487866,2026-07-18T21:52:32.000Z,cidadaocinico,CIDADAOCINICO,False,@FlavioBolsonaro @tininhasouzarj Então deixa o Lula mesmo!!!!,NEUTRO,,0,1,0
2078598645092331927,2026-07-18T21:51:50.000Z,JoseAmaroSant02,(Zezão) Jose Amaro dos Santos 🇧🇷,False,"@FlavioBolsonaro @tininhasouzarj Já é assim hoje, no fundo você quer ser o Lula!",NEUTRO,,0,0,0
2078598598581793033,2026-07-18T21:51:39.000Z,L_falkoski,Lukas Falkoski,False,@FlavioBolsonaro @tininhasouzarj Viche!!!!!  O bicho é pau-ferro mesmo!!!👏🏻,NEUTRO,,0,2,0
2078598511654777240,2026-07-18T21:51:18.000Z,Marc_bunbuns,𝘔𝘢𝘳𝘤 𝘉𝘶𝘯-𝘉𝘶𝘯𝘴™ 🐰🥕,False,"@FlavioBolsonaro @tininhasouzarj Tirar o bolsa-familia &gt;&gt;&gt; dar um emprego para a pessoa ganhar seu dinheiro.  ""Dar a vara de pescar e ensinar á pescar, ao invés de apenas dar os peixes que outros pescaram""",NEUTRO,,0,0,0
2078598468528914599,2026-07-18T21:51:08.000Z,RGGF2016,Mike,False,@FlavioBolsonaro @tininhasouzarj Medo de perder voto?,NEUTRO,,0,0,0
